CREATE TABLE EMPLOYEE (
	EMPLOYEE_ID INT,
    DEPARTMENT_ID INT,
    ENROLLMENT_STATUS INT, -- 在籍状況 0:在籍中 1:休職中 2:退職済
    FIRST_NAME VARCHAR(128),
    LAST_NAME VARCHAR(128),
    CREATED_AT DATETIME,
	UPDATED_AT DATETIME
);

CREATE TABLE PARTNER (
	PARTNER_ID INT,
    DEPARTMENT_ID INT,
    ENROLLMENT_STATUS INT, -- 在籍状況 0:在籍中 1:休職中 2:退職済
    FIRST_NAME VARCHAR(128),
    LAST_NAME VARCHAR(128),
    CREATED_AT DATETIME,
	UPDATED_AT DATETIME
);

CREATE TABLE DEPARTMENT (
	DEPARTMENT_ID INT,
    DEPARTMENT_NAME VARCHAR(32),
    CREATED_AT DATETIME,
	UPDATED_AT DATETIME
);

INSERT INTO DEPARTMENT VALUES (1, '総務', SYSDATE(), SYSDATE());
INSERT INTO DEPARTMENT VALUES (2, '経理', SYSDATE(), SYSDATE());
INSERT INTO DEPARTMENT VALUES (3, '営業', SYSDATE(), SYSDATE());

INSERT INTO EMPLOYEE VALUES (1, 1, 0, 'いのり', 'みなせ', SYSDATE(), SYSDATE());
INSERT INTO EMPLOYEE VALUES (2, 2, 0, 'あい', 'かくま', SYSDATE(), SYSDATE());
INSERT INTO EMPLOYEE VALUES (3, 2, 1, 'さおり', 'おおにし', SYSDATE(), SYSDATE());
INSERT INTO EMPLOYEE VALUES (4, 3, 0, 'あやね', 'さくら', SYSDATE(), SYSDATE());
INSERT INTO EMPLOYEE VALUES (5, 3, 0, 'ゆい', 'おぐら', SYSDATE(), SYSDATE());
INSERT INTO EMPLOYEE VALUES (6, 3, 2, 'かおり', 'いしはら', SYSDATE(), SYSDATE());

INSERT INTO PARTNER VALUES (1, 1, 0, 'あき', 'とよさき', SYSDATE(), SYSDATE());
INSERT INTO PARTNER VALUES (2, 2, 0, 'ようこ', 'ひかさ', SYSDATE(), SYSDATE());
INSERT INTO PARTNER VALUES (3, 2, 1, 'さとみ', 'さとう', SYSDATE(), SYSDATE());
INSERT INTO PARTNER VALUES (4, 3, 0, 'みなこ', 'ことぶき', SYSDATE(), SYSDATE());
INSERT INTO PARTNER VALUES (5, 3, 0, 'みく', 'いとう', SYSDATE(), SYSDATE());
INSERT INTO PARTNER VALUES (6, 3, 2, 'もえ', 'とよた', SYSDATE(), SYSDATE());

COMMIT;